qid,P3285,#
Q3553768,"""15A18""","zbMATH Open keyword"
Q1332643,"""34B15""","zbMATH Open keyword"
Q56657330,"""34C25""","zbMATH Open keyword"
Q1757543,"""68Q30""","zbMATH Open keyword"
Q12254923,"""68Q25""","zbMATH Open keyword"
Q6934835,"""68Q17""","zbMATH Open keyword"
Q942353,"""94C10""","zbMATH Open keyword"
Q11412,"""83F05""","zbMATH Open keyword"
Q1202245,"""35J10""","zbMATH Open keyword"
Q1154848,"""60J45""","zbMATH Open keyword"
Q1231309,"""17A35""","zbMATH Open keyword"
Q613048,"""11Rxx""","zbMATH Open keyword"
Q180969,"""14-XX""","zbMATH Open keyword"
Q64952105,"""74K10""","zbMATH Open keyword"
Q957693,"""93C55""","zbMATH Open keyword"
Q43260,"""30C15""","zbMATH Open keyword"
Q208826,"""11G50""","zbMATH Open keyword"
Q45003,"""94A17""","zbMATH Open keyword"
Q268493,"""11G05""","zbMATH Open keyword"
Q3757616,"""86A30""","zbMATH Open keyword"
Q333,"""85-03""","zbMATH Open keyword"
Q395,"""00A30""","zbMATH Open keyword"
Q200286,"""82C40""","zbMATH Open keyword"
Q60080067,"""83C22""","zbMATH Open keyword"
Q2409122,"""47A10""","zbMATH Open keyword"
Q1914255,"""35B50""","zbMATH Open keyword"
Q28195494,"""76D05""","zbMATH Open keyword"
Q107440094,"""35J25""","zbMATH Open keyword"
Q1144718,"""76N15""","zbMATH Open keyword"
Q7049475,"""47J05""","zbMATH Open keyword"
Q188444,"""53A05""","zbMATH Open keyword"
Q736753,"""15A63""","zbMATH Open keyword"
Q7306360,"""37K10""","zbMATH Open keyword"
Q12345341,"""62E20""","zbMATH Open keyword"
Q846677,"""54D40""","zbMATH Open keyword"
Q1048447,"""11N37""","zbMATH Open keyword"
Q170008,"""11B25""","zbMATH Open keyword"
Q8366,"""65K05""","zbMATH Open keyword"
Q2321565,"""65F10""","zbMATH Open keyword"
Q213488,"""53C22""","zbMATH Open keyword"
Q191884,"""47J25""","zbMATH Open keyword"
Q41636387,"""55R80""","zbMATH Open keyword"
Q5164821,"""74M15""","zbMATH Open keyword"
Q4680751,"""74S05""","zbMATH Open keyword"
Q1122269,"""65R20""","zbMATH Open keyword"
Q379788,"""65M06""","zbMATH Open keyword"
Q15300737,"""74B20""","zbMATH Open keyword"
Q182453,"""74S05""","zbMATH Open keyword"
Q1422068,"""35R35""","zbMATH Open keyword"
Q2029236,"""76D05""","zbMATH Open keyword"
Q907439,"""35J25""","zbMATH Open keyword"
Q2590607,"""30G35""","zbMATH Open keyword"
Q7269569,"""15A66""","zbMATH Open keyword"
Q296949,"""05C70""","zbMATH Open keyword"
Q1303846,"""35F20""","zbMATH Open keyword"
Q1319775,"""30C45""","zbMATH Open keyword"
Q519967,"""47B35""","zbMATH Open keyword"
Q13222844,"""60E05""","zbMATH Open keyword"
Q42344,"""34B18""","zbMATH Open keyword"
Q5361768,"""60G60""","zbMATH Open keyword"
Q427625,"""47F05""","zbMATH Open keyword"
Q370634,"""15A09""","zbMATH Open keyword"
Q370634,"""15A09""","zbMATH Open keyword"
Q57822059,"""45E10""","zbMATH Open keyword"
Q1066983,"""42A75""","zbMATH Open keyword"
Q194397,"""42B10""","zbMATH Open keyword"
Q1050230,"""35Q30""","zbMATH Open keyword"
Q468777,"""35A05""","zbMATH Open keyword"
Q1192869,"""49J10""","zbMATH Open keyword"
Q43230999,"""30C45""","zbMATH Open keyword"
Q382618,"""26A15""","zbMATH Open keyword"
Q438399,"""44A15""","zbMATH Open keyword"
Q17143721,"""35R30""","zbMATH Open keyword"
Q1143293,"""94A12""","zbMATH Open keyword"
Q54505,"""81T05""","zbMATH Open keyword"
Q6997759,"""47L35""","zbMATH Open keyword"
Q48970630,"""18D05""","zbMATH Open keyword"
Q56289856,"""05C60""","zbMATH Open keyword"
Q7269502,"""35P25""","zbMATH Open keyword"
Q630426,"""53D50""","zbMATH Open keyword"
Q625303,"""90B35""","zbMATH Open keyword"
Q380576,"""30C65""","zbMATH Open keyword"
Q987226,"""37F10""","zbMATH Open keyword"
Q848427,"""37-02""","zbMATH Open keyword"
Q3406705,"""46L55""","zbMATH Open keyword"
Q1887083,"""22C05""","zbMATH Open keyword"
Q786973,"""62M10""","zbMATH Open keyword"
Q1545585,"""93E20""","zbMATH Open keyword"
Q206816,"""11A55""","zbMATH Open keyword"
Q8073863,"""43A90""","zbMATH Open keyword"
Q6520159,"""65M70""","zbMATH Open keyword"
Q10359539,"""22D10""","zbMATH Open keyword"
Q7100049,"""22E27""","zbMATH Open keyword"
Q7097841,"""46L07""","zbMATH Open keyword"
Q2903821,"""16D20""","zbMATH Open keyword"
Q1622047,"""14D15""","zbMATH Open keyword"
Q2112539,"""16D40""","zbMATH Open keyword"
Q1339058,"""26A33""","zbMATH Open keyword"
Q979829,"""44A12""","zbMATH Open keyword"
Q485287,"""74F15""","zbMATH Open keyword"
Q4666687,"""46L05""","zbMATH Open keyword"
Q2706744,"""47A15""","zbMATH Open keyword"
Q2066070,"""55P35""","zbMATH Open keyword"
Q3345669,"""58J35""","zbMATH Open keyword"
Q6777133,"""60H10""","zbMATH Open keyword"
Q202906,"""54H20""","zbMATH Open keyword"
Q1162676,"""20H05""","zbMATH Open keyword"
Q506265,"""15B57""","zbMATH Open keyword"
Q24964251,"""20C15""","zbMATH Open keyword"
Q1006450,"""22E50""","zbMATH Open keyword"
Q603880,"""11T06""","zbMATH Open keyword"
Q3427423,"""22D30""","zbMATH Open keyword"
Q1777803,"""16W30""","zbMATH Open keyword"
Q912083,"""11R29""","zbMATH Open keyword"
Q1057968,"""20D10""","zbMATH Open keyword"
Q58119533,"""16Gxx""","zbMATH Open keyword"
Q474715,"""06A06""","zbMATH Open keyword"
Q371133,"""06A11""","zbMATH Open keyword"
Q2905654,"""17B10""","zbMATH Open keyword"
Q28509,"""17B69""","zbMATH Open keyword"
Q398804,"""16W25""","zbMATH Open keyword"
Q1052437,"""11B39""","zbMATH Open keyword"
Q1017338,"""55S35""","zbMATH Open keyword"
Q1140902,"""68Q42""","zbMATH Open keyword"
Q1455652,"""13F20""","zbMATH Open keyword"
Q7268354,"""17A45""","zbMATH Open keyword"
Q1208706,"""16S15""","zbMATH Open keyword"
Q2296021,"""15A72""","zbMATH Open keyword"
Q30589103,"""47A56""","zbMATH Open keyword"
Q1691827,"""08A30""","zbMATH Open keyword"
Q7205565,"""32U05""","zbMATH Open keyword"
Q6897118,"""53D20""","zbMATH Open keyword"
Q1779479,"""65M70""","zbMATH Open keyword"
Q1754327,"""65F10""","zbMATH Open keyword"
Q5289813,"""65N55""","zbMATH Open keyword"
Q4338245,"""35B40""","zbMATH Open keyword"
Q2068418,"""65M06""","zbMATH Open keyword"
Q117806,"""62E10""","zbMATH Open keyword"
Q1227572,"""76F65""","zbMATH Open keyword"
Q169973,"""76U05""","zbMATH Open keyword"
Q59038264,"""35K57""","zbMATH Open keyword"
Q4184950,"""35B65""","zbMATH Open keyword"
Q11456,"""82D37""","zbMATH Open keyword"
Q22976830,"""35A05""","zbMATH Open keyword"
Q27058,"""42A10""","zbMATH Open keyword"
Q54290810,"""35Q35""","zbMATH Open keyword"
Q1111,"""78A35""","zbMATH Open keyword"
Q364089,"""39A10""","zbMATH Open keyword"
Q814361,"""15A21""","zbMATH Open keyword"
